{"cameraMode":{"drawMode":0,"name":"Shaded","section":"Shading Mode"},"sceneLighting":false,"audioPlay":false,"sceneViewState":{"m_AlwaysRefresh":false,"showFog":false,"showSkybox":false,"showFlares":false,"showImageEffects":false,"showParticleSystems":false,"showVisualEffectGraphs":true,"m_FxEnabled":true},"in2DMode":false,"pivot":{"x":0.8507713079452515,"y":0.9584600925445557,"z":-0.21533966064453126},"rotation":{"x":0.005416139494627714,"y":-0.9882471561431885,"z":0.1487511247396469,"w":0.03619993478059769},"size":1.3059316873550416,"orthographic":false}