{"cameraMode":{"drawMode":0,"name":"Shaded","section":"Shading Mode"},"sceneLighting":true,"audioPlay":false,"sceneViewState":{"m_AlwaysRefresh":false,"showFog":true,"showSkybox":false,"showFlares":true,"showImageEffects":true,"showParticleSystems":true,"showVisualEffectGraphs":true,"m_FxEnabled":true},"in2DMode":false,"pivot":{"x":-1.3340215682983399,"y":-1.1967042684555054,"z":0.21622855961322785},"rotation":{"x":0.2747093439102173,"y":-0.6468614935874939,"z":0.27001839876174929,"w":0.6582521200180054},"size":1.4089562892913819,"orthographic":false}