{"cameraMode":{"drawMode":0,"name":"Shaded","section":"Shading Mode"},"sceneLighting":false,"audioPlay":false,"sceneViewState":{"m_AlwaysRefresh":false,"showFog":true,"showSkybox":false,"showFlares":true,"showImageEffects":true,"showParticleSystems":true,"showVisualEffectGraphs":true,"m_FxEnabled":true},"in2DMode":false,"pivot":{"x":10.815052032470704,"y":1.491756796836853,"z":0.30872488021850588},"rotation":{"x":0.09784608334302902,"y":-0.8878927826881409,"z":0.22237952053546906,"w":0.3907884657382965},"size":1.248634696006775,"orthographic":false}